<?xml version="1.0" encoding="UTF-8"?>
<con:soapui-project activeEnvironment="Default" name="Sample REST Project" resourceRoot="${projectDir}" soapui-version="5.5.0" abortOnError="false" runType="SEQUENTIAL" id="5e582b38-f718-42e9-bf81-0b7d2ffbce63" xmlns:con="http://eviware.com/soapui/config">
  <con:settings/>
  <con:interface xsi:type="con:RestService" wadlVersion="http://research.sun.com/wadl/2006/10" name="Account creation" type="rest" basePath="/" definitionUrl="WSDL-WADL/sample-service.wadl" id="74d63728-a833-4f2f-940c-52295cdf401a" xmlns:xsi="http://www.w3.org/2001/XMLSchema-instance">
    <con:settings/>
    
    <con:definitionCache type="TEXT"/><con:endpoints>
      <con:endpoint>http://localhost:8080</con:endpoint>
    </con:endpoints>
    <con:resource name="accountcreation" path="accountcreation" id="6f01f572-3532-4a85-8bf1-8f06a9925864">
      <con:settings/>
      <con:parameters/>
      <con:method name="Register a new account - viewAccountRegistration" method="GET" id="b9005274-db98-4f19-9421-be9a1a16b5e2">
        <con:settings/>
        <con:parameters/>
        <con:representation type="RESPONSE" id="">
          <con:mediaType>text/html</con:mediaType>
          <con:params/>
          <con:element xsi:nil="true"/>
          <con:description xsi:nil="true"/>
        </con:representation>
        <con:request name="Registration Form" mediaType="application/json" id="afbfef9f-2fe7-414f-92a3-ad51d5286296">
          <con:settings>
            <con:setting id="com.eviware.soapui.impl.wsdl.WsdlRequest@request-headers">&lt;xml-fragment/></con:setting>
          </con:settings>
          <con:endpoint>http://localhost:8080</con:endpoint>
          <con:request/>
          <con:originalUri>http://localhost/accountcreation</con:originalUri>
          <con:credentials>
            <con:authType>No Authorization</con:authType>
          </con:credentials>
          <con:jmsConfig JMSDeliveryMode="PERSISTENT"/>
          <con:jmsPropertyConfig/>
          <con:parameters/>
        </con:request>
      </con:method>
      <con:method name="Register a new account - createUserAccount" method="POST" id="057987cb-a925-41e7-9247-cbf1dea6af73">
        <con:settings/>
        <con:parameters>
          <con:parameter>
            <con:name>username</con:name>
            <con:value xsi:nil="true"/>
            <con:style>QUERY</con:style>
            <con:default xsi:nil="true"/>
          </con:parameter>
          <con:parameter>
            <con:name>password</con:name>
            <con:value xsi:nil="true"/>
            <con:style>QUERY</con:style>
            <con:default xsi:nil="true"/>
          </con:parameter>
        </con:parameters>
        <con:representation type="REQUEST" id="">
          <con:mediaType>application/json</con:mediaType>
          <con:params/>
          <con:element xsi:nil="true"/>
          <con:description xsi:nil="true"/>
        </con:representation>
        <con:representation type="RESPONSE" id="">
          <con:mediaType>text/html</con:mediaType>
          <con:params/>
          <con:element xsi:nil="true"/>
          <con:description xsi:nil="true"/>
        </con:representation>
        <con:request name="Submit Registration Form" mediaType="application/json" postQueryString="false" id="e92a631d-68ad-4df4-8cae-67cf4f6ca68d">
          <con:settings>
            <con:setting id="com.eviware.soapui.impl.wsdl.WsdlRequest@request-headers">&lt;xml-fragment/></con:setting>
          </con:settings>
          <con:endpoint>http://localhost:8080</con:endpoint>
          <con:request/>
          <con:originalUri>http://localhost/accountcreation</con:originalUri>
          <con:credentials>
            <con:authType>No Authorization</con:authType>
          </con:credentials>
          <con:jmsConfig JMSDeliveryMode="PERSISTENT"/>
          <con:jmsPropertyConfig/>
          <con:parameters>
            <con:entry key="username" value="john"/>
            <con:entry key="password" value="w0j39av0d8s"/>
          </con:parameters>
        </con:request>
      </con:method>
    </con:resource>
  </con:interface>
  <con:testSuite name="Test account creation" id="4a665fa1-f416-4ffe-81c8-f7643c97822d">
    <con:description>TestSuite generated for REST Service [Sample REST project (5.0)]</con:description>
    <con:settings/>
    <con:runType>SEQUENTIAL</con:runType>
    <con:testCase failOnError="true" failTestCaseOnErrors="true" keepSession="false" maxResults="0" name="accountcreation TestCase" searchProperties="true" id="3923f7a8-171b-45cc-9b5d-a50bfa715f0a">
      <con:description>TestCase generated for REST Resource [accountcreation] located at [/accountcreation]</con:description>
      <con:settings/>
      <con:testStep type="restrequest" name="View Form" id="839d6556-0321-4b99-beeb-c9dd9bd532cc">
        <con:settings/>
        <con:config service="Account creation" resourcePath="/accountcreation" methodName="Register a new account - viewAccountRegistration" xsi:type="con:RestRequestStep" xmlns:xsi="http://www.w3.org/2001/XMLSchema-instance">
          <con:restRequest name="View Form" mediaType="application/json" id="30a58e51-75f0-494d-ab2a-c8b2fa453f4b">
            <con:settings><con:setting id="com.eviware.soapui.impl.wsdl.WsdlRequest@request-headers">&lt;xml-fragment/></con:setting></con:settings>
            <con:endpoint>http://localhost:8080</con:endpoint>
            <con:request/>
            <con:originalUri>http://localhost/accountcreation</con:originalUri><con:assertion type="Valid HTTP Status Codes" id="0f3e8a7c-54d3-4020-a3f7-135089fcf2b0" name="Valid HTTP Status Codes"><con:configuration><codes>200</codes></con:configuration></con:assertion><con:credentials>
              <con:authType>No Authorization</con:authType>
            </con:credentials>
            <con:jmsConfig JMSDeliveryMode="PERSISTENT"/>
            <con:jmsPropertyConfig/>
            <con:parameters/>
          </con:restRequest>
        </con:config>
      </con:testStep>
      <con:testStep type="restrequest" name="Submit Account Details" id="d455ebd4-8cbe-4550-a880-f1c887815865">
        <con:settings/>
        <con:config service="Account creation" resourcePath="/accountcreation" methodName="Register a new account - createUserAccount" xsi:type="con:RestRequestStep" xmlns:xsi="http://www.w3.org/2001/XMLSchema-instance">
          <con:restRequest name="Submit Account Details" mediaType="application/json" postQueryString="false" id="d6f60c32-ff1c-4cf6-9379-6698bd31ece8">
            <con:settings><con:setting id="com.eviware.soapui.impl.wsdl.WsdlRequest@request-headers">&lt;xml-fragment/></con:setting></con:settings>
            <con:endpoint>http://localhost:8080</con:endpoint>
            <con:request/>
            <con:originalUri>http://localhost/accountcreation</con:originalUri><con:assertion type="Valid HTTP Status Codes" id="e20b95c0-4084-4a3d-854c-0d958f713740" name="Valid HTTP Status Codes"><con:configuration><codes>200</codes></con:configuration></con:assertion><con:credentials>
              <con:authType>No Authorization</con:authType>
            </con:credentials>
            <con:jmsConfig JMSDeliveryMode="PERSISTENT"/>
            <con:jmsPropertyConfig/>
            <con:parameters/>
          </con:restRequest>
        </con:config>
      </con:testStep>
      <con:properties/>
    <con:reportParameters/></con:testCase>
    <con:properties/>
  <con:reportParameters/></con:testSuite>
  <con:restMockService port="8080" path="/" name="Account creation mock" host="LPTWRK-ANDREAS" id="3e45ed93-868c-484d-ac14-32fca2e57ee6">
    <con:settings/>
    <con:properties/>
    <con:restMockAction name="accountcreation" method="GET" resourcePath="/accountcreation" id="93cecf8e-43ab-45f2-a4c9-e049e0c335ee">
      <con:settings/>
      <con:defaultResponse>Form view</con:defaultResponse>
      <con:dispatchStyle>SEQUENCE</con:dispatchStyle>
      <con:response name="Form View" httpResponseStatus="200" mediaType="text/html" id="c15ec3fd-1b15-447a-9a0e-6f8787246e85">
        <con:settings/>
        <con:responseContent><![CDATA[<html>
	<head>
		<meta charset="utf-8">
		<title>Account registration</title>
		<meta name="description" content="SoapUI Sample content">
	</head>

	<body>
  		<h1>Welcome!</h1>
  		<form action="accountcreation" method="post" name="account_registration_form">
  			<input type="text" name="username" placeholder="John Doe" />
			<input type="password" name="password" />
			<input type="submit" name="password" />
		</form>
  	</body>
</html>]]></con:responseContent>
      </con:response>
    </con:restMockAction>
    <con:restMockAction name="accountcreation" method="POST" resourcePath="/accountcreation" id="4da0e412-2a5c-4eed-86e2-a298185dcb96">
      <con:settings/>
      <con:defaultResponse>Successful</con:defaultResponse>
      <con:dispatchStyle>SEQUENCE</con:dispatchStyle>
      <con:response name="Successful" httpResponseStatus="200" mediaType="text/html" id="15e69ce6-2528-4982-9312-9c9e12df1b74">
        <con:settings/>
        <con:responseContent><![CDATA[<html>
	<head>
		<meta charset="utf-8"/>
		<title>Account registration</title>
		<meta name="description" content="SoapUI Sample content"/>
	</head>

	<body>
  		<h1>Welcome!</h1>
  		<p>You have successfully registered your account!</p>
	</body>
</html>]]></con:responseContent>
      </con:response>
      <con:response name="Already Existing User" httpResponseStatus="200" mediaType="text/html" id="ccf19ee2-3b85-4943-a3a4-1ab0dc629578">
        <con:settings/>
        <con:responseContent><![CDATA[<html>
	<head>
		<meta charset="utf-8">
		<title>Account registration</title>
		<meta name="description" content="SoapUI Sample content">
	</head>

	<body>
  		<h1>User already exists</h1>
  		<p>A user has already registered with the selected username - try another.</p>
	</body>
</html>]]></con:responseContent>
      </con:response>
      <con:response name="Internal Server Error" httpResponseStatus="500" mediaType="text/html" id="35a5a0c2-95d8-4094-8254-da3de58cdc58">
        <con:settings/>
        <con:responseContent><![CDATA[<html>
	<head>
		<meta charset="utf-8"/>
		<title>Internal Server Error</title>
		<meta name="description" content="SoapUI Sample content"/>
	</head>

	<body>
  		<h1>The server was unable to serve your request</h1>
  		<p>Due to some technical error the server was unable to complete the request, pleas come back later.</p>
	</body>
</html>]]></con:responseContent>
      </con:response>
    </con:restMockAction>
  </con:restMockService>
  <con:requirements/><con:properties/>
  <con:wssContainer/>
  <con:databaseConnectionContainer/><con:oAuth2ProfileContainer/>
  <con:oAuth1ProfileContainer/><con:reporting><con:xmlTemplates/><con:parameters/></con:reporting><con:sensitiveInformation/>
</con:soapui-project>